price,area,bedrooms,bathrooms,stories,mainroad,guestroom,basement,hotwaterheating,airconditioning,parking,prefarea,semi-furnished,unfurnished
1.0,0.4994259471871413,0.6000000000000001,0.0,0.3333333333333333,1.0,0.0,1.0,0.0,0.0,0.6666666666666666,0.0,1.0,0.0
1.0,0.5683122847301952,0.6000000000000001,0.5,0.3333333333333333,1.0,1.0,1.0,0.0,1.0,0.3333333333333333,1.0,0.0,1.0
0.980952380952381,0.7864523536165328,0.4000000000000001,0.5,1.0,1.0,0.0,0.0,0.0,1.0,0.6666666666666666,0.0,0.0,0.0
0.9714285714285715,0.33869115958668194,0.4000000000000001,0.5,0.3333333333333333,1.0,1.0,0.0,0.0,1.0,0.6666666666666666,0.0,0.0,0.0
0.9666666666666668,0.547646383467279,0.4000000000000001,0.5,0.3333333333333333,1.0,0.0,0.0,0.0,1.0,0.3333333333333333,1.0,1.0,0.0
0.9523809523809523,0.30654420206659017,0.4000000000000001,0.0,0.3333333333333333,1.0,0.0,1.0,1.0,0.0,0.6666666666666666,0.0,1.0,0.0
0.9428571428571428,0.6320321469575201,0.4000000000000001,0.5,0.0,1.0,1.0,1.0,0.0,1.0,0.6666666666666666,0.0,0.0,1.0
0.9380952380952381,0.7347876004592423,0.4000000000000001,0.0,0.0,1.0,1.0,1.0,0.0,1.0,0.3333333333333333,0.0,0.0,0.0
0.9380952380952381,0.33409873708381177,0.4000000000000001,0.5,0.3333333333333333,1.0,1.0,1.0,0.0,1.0,0.3333333333333333,0.0,0.0,0.0
0.9285714285714286,0.8208955223880596,0.4000000000000001,0.5,0.3333333333333333,1.0,0.0,0.0,0.0,1.0,0.6666666666666666,0.0,0.0,0.0
0.9238095238095239,0.5614236509758898,0.6000000000000001,0.5,0.3333333333333333,1.0,1.0,1.0,0.0,1.0,0.6666666666666666,1.0,0.0,0.0
0.9133333333333333,0.4994259471871413,0.4000000000000001,0.5,1.0,1.0,1.0,1.0,0.0,1.0,0.0,1.0,1.0,0.0
0.9047619047619049,0.8295063145809414,0.4000000000000001,0.0,0.0,1.0,0.0,0.0,0.0,0.0,0.3333333333333333,0.0,1.0,0.0
0.9047619047619049,0.7233065442020666,0.8,0.5,0.3333333333333333,1.0,0.0,1.0,1.0,0.0,0.6666666666666666,0.0,0.0,1.0
0.9047619047619049,0.442020665901263,0.6000000000000001,0.5,0.3333333333333333,1.0,0.0,1.0,0.0,1.0,0.3333333333333333,1.0,1.0,0.0
0.9047619047619049,0.6687715269804823,0.4000000000000001,0.5,1.0,1.0,0.0,0.0,0.0,1.0,0.6666666666666666,0.0,0.0,1.0
0.9047619047619049,0.6142365097588979,0.4000000000000001,0.0,1.0,1.0,0.0,0.0,0.0,1.0,0.6666666666666666,0.0,1.0,0.0
0.8904761904761904,0.37083811710677383,0.6000000000000001,0.5,0.3333333333333333,1.0,0.0,0.0,0.0,1.0,0.3333333333333333,1.0,0.0,0.0
0.8761904761904762,0.494833524684271,0.4000000000000001,1.0,0.3333333333333333,1.0,1.0,1.0,0.0,0.0,0.3333333333333333,0.0,0.0,1.0
0.8666666666666667,0.5958668197474167,0.8,0.0,0.3333333333333333,1.0,1.0,1.0,0.0,1.0,0.3333333333333333,0.0,0.0,0.0
0.8613523809523811,0.6142365097588979,0.4000000000000001,0.5,1.0,1.0,0.0,0.0,0.0,1.0,0.6666666666666666,0.0,0.0,0.0
0.8561904761904762,0.6695752009184845,0.4000000000000001,0.5,0.6666666666666667,1.0,0.0,0.0,1.0,0.0,0.3333333333333333,1.0,0.0,0.0
0.8476190476190477,0.843857634902411,0.6000000000000001,0.5,1.0,1.0,0.0,0.0,0.0,1.0,0.6666666666666666,0.0,0.0,0.0
0.8452380952380953,0.4994259471871413,0.4000000000000001,0.0,1.0,1.0,1.0,0.0,0.0,1.0,0.6666666666666666,0.0,0.0,1.0
0.8380952380952382,0.4994259471871413,0.6000000000000001,0.5,1.0,1.0,0.0,0.0,0.0,1.0,0.3333333333333333,0.0,1.0,0.0
0.8333333333333335,0.5625717566016074,0.4000000000000001,0.0,0.3333333333333333,1.0,0.0,1.0,0.0,1.0,0.0,1.0,0.0,0.0
0.8285714285714285,0.5407577497129736,0.4000000000000001,0.5,1.0,1.0,0.0,0.0,0.0,1.0,0.0,1.0,0.0,0.0
0.8095238095238095,0.5545350172215844,0.4000000000000001,0.5,1.0,1.0,0.0,0.0,0.0,1.0,0.6666666666666666,0.0,0.0,1.0
0.8095238095238095,0.4994259471871413,0.6000000000000001,0.5,1.0,1.0,0.0,0.0,0.0,0.0,0.6666666666666666,0.0,1.0,0.0
0.7904761904761906,0.4994259471871413,0.6000000000000001,0.5,1.0,1.0,0.0,0.0,0.0,1.0,0.3333333333333333,0.0,0.0,0.0
0.7904761904761906,0.4994259471871413,0.4000000000000001,0.5,0.6666666666666667,1.0,0.0,0.0,0.0,1.0,0.0,0.0,1.0,0.0
0.7857142857142858,0.4994259471871413,0.4000000000000001,0.5,1.0,1.0,0.0,0.0,0.0,1.0,0.3333333333333333,0.0,0.0,0.0
0.7809523809523811,0.5683122847301952,0.4000000000000001,0.0,1.0,1.0,0.0,0.0,0.0,1.0,1.0,1.0,0.0,0.0
0.7761904761904763,0.30424799081515497,0.4000000000000001,0.5,0.3333333333333333,1.0,0.0,1.0,0.0,0.0,0.3333333333333333,0.0,0.0,1.0
0.7714285714285716,0.6647531572904707,0.4000000000000001,0.5,0.0,1.0,1.0,1.0,0.0,1.0,0.0,1.0,1.0,0.0
0.7714285714285716,0.6647531572904707,0.4000000000000001,0.5,1.0,1.0,0.0,0.0,0.0,0.0,0.3333333333333333,1.0,0.0,1.0
0.7714285714285716,0.5367393800229622,0.4000000000000001,0.0,1.0,1.0,0.0,0.0,0.0,1.0,0.3333333333333333,0.0,0.0,1.0
0.7619047619047619,0.4994259471871413,0.6000000000000001,0.5,1.0,1.0,1.0,0.0,0.0,1.0,0.3333333333333333,0.0,0.0,0.0
0.7619047619047619,0.40183696900114807,0.4000000000000001,0.5,1.0,1.0,0.0,0.0,0.0,1.0,0.6666666666666666,0.0,1.0,0.0
0.7619047619047619,0.4994259471871413,0.4000000000000001,0.5,0.3333333333333333,1.0,1.0,0.0,0.0,1.0,0.3333333333333333,0.0,1.0,0.0
0.7619047619047619,0.4994259471871413,0.4000000000000001,0.0,0.3333333333333333,1.0,0.0,0.0,0.0,1.0,0.3333333333333333,0.0,0.0,1.0
0.7476190476190476,0.843857634902411,0.6000000000000001,0.5,1.0,1.0,1.0,0.0,0.0,1.0,0.3333333333333333,1.0,0.0,0.0
0.7428571428571429,0.6923076923076923,0.6000000000000001,0.5,1.0,1.0,1.0,0.0,0.0,1.0,0.3333333333333333,0.0,1.0,0.0
0.7428571428571429,0.4994259471871413,0.4000000000000001,0.5,1.0,1.0,1.0,0.0,0.0,1.0,0.3333333333333333,0.0,0.0,0.0
0.7333333333333334,0.4994259471871413,0.4000000000000001,0.5,0.3333333333333333,1.0,1.0,0.0,0.0,0.0,0.3333333333333333,0.0,1.0,0.0
0.7238095238095238,0.8300803673938002,0.2,0.0,0.0,1.0,0.0,0.0,0.0,1.0,0.3333333333333333,0.0,1.0,0.0
0.7238095238095238,0.5269804822043628,0.6000000000000001,0.5,0.3333333333333333,1.0,0.0,0.0,0.0,1.0,0.3333333333333333,0.0,0.0,0.0
0.719047619047619,0.5407577497129736,0.6000000000000001,0.5,0.6666666666666667,1.0,0.0,0.0,0.0,1.0,0.6666666666666666,1.0,0.0,0.0
0.7047619047619048,0.8300803673938002,0.4000000000000001,0.5,0.3333333333333333,1.0,0.0,1.0,0.0,1.0,0.3333333333333333,0.0,0.0,0.0
0.7000000000000001,0.6946039035591275,0.4000000000000001,0.5,0.0,1.0,0.0,0.0,0.0,0.0,0.6666666666666666,0.0,0.0,1.0
0.6952380952380953,0.4994259471871413,0.4000000000000001,0.0,0.0,1.0,0.0,0.0,0.0,1.0,0.3333333333333333,0.0,0.0,0.0
0.6857142857142857,0.269804822043628,0.4000000000000001,0.5,0.3333333333333333,1.0,0.0,1.0,0.0,1.0,0.0,1.0,1.0,0.0
0.680952380952381,0.4994259471871413,0.6000000000000001,0.5,1.0,1.0,0.0,0.0,0.0,1.0,0.0,0.0,0.0,1.0
0.6761904761904762,0.3869115958668198,0.4000000000000001,0.0,1.0,1.0,0.0,0.0,0.0,1.0,0.0,1.0,0.0,1.0
0.6714285714285715,0.5683122847301952,0.2,0.5,1.0,1.0,0.0,1.0,0.0,0.0,0.0,1.0,0.0,0.0
0.6666666666666667,0.2743972445464983,0.4000000000000001,0.0,0.3333333333333333,1.0,0.0,1.0,1.0,0.0,0.3333333333333333,0.0,0.0,0.0
0.6666666666666667,0.2996555683122847,0.6000000000000001,0.5,0.3333333333333333,1.0,0.0,0.0,1.0,0.0,0.0,0.0,1.0,0.0
0.6666666666666667,0.547646383467279,0.4000000000000001,0.5,0.6666666666666667,1.0,0.0,0.0,0.0,1.0,0.0,1.0,0.0,0.0
0.6666666666666667,0.5568312284730196,0.4000000000000001,0.5,0.6666666666666667,1.0,0.0,0.0,0.0,1.0,0.0,1.0,0.0,0.0
0.6666666666666667,0.4649827784156143,0.4000000000000001,0.0,0.0,1.0,1.0,1.0,0.0,1.0,0.6666666666666666,1.0,0.0,0.0
0.6666666666666667,0.4994259471871413,0.4000000000000001,0.5,0.6666666666666667,1.0,1.0,0.0,0.0,1.0,0.0,0.0,0.0,0.0
0.6638095238095238,0.4994259471871413,0.4000000000000001,0.0,0.3333333333333333,1.0,0.0,0.0,1.0,0.0,0.3333333333333333,1.0,1.0,0.0
0.6619047619047619,0.269804822043628,0.4000000000000001,0.5,0.3333333333333333,1.0,0.0,1.0,0.0,1.0,0.3333333333333333,0.0,1.0,0.0
0.6571428571428571,0.4994259471871413,0.4000000000000001,0.5,1.0,1.0,0.0,0.0,0.0,1.0,0.0,0.0,1.0,0.0
0.6476190476190476,0.2422502870264064,0.4000000000000001,0.0,0.3333333333333333,1.0,0.0,0.0,1.0,0.0,0.6666666666666666,0.0,1.0,0.0
0.6476190476190476,0.7577497129735936,0.4000000000000001,0.5,0.6666666666666667,1.0,0.0,0.0,0.0,1.0,0.0,0.0,0.0,0.0
0.6476190476190476,0.5763490241102182,0.4000000000000001,0.0,0.6666666666666667,1.0,0.0,1.0,0.0,0.0,0.0,1.0,0.0,1.0
0.6428571428571429,0.2652123995407577,0.4000000000000001,0.0,0.0,1.0,0.0,1.0,0.0,0.0,0.6666666666666666,0.0,1.0,0.0
0.6428571428571429,0.661308840413318,0.4000000000000001,0.0,0.0,1.0,1.0,1.0,0.0,1.0,0.6666666666666666,1.0,0.0,1.0
0.6380952380952382,0.7956371986222732,0.8,1.0,0.3333333333333333,1.0,0.0,0.0,0.0,0.0,0.6666666666666666,0.0,0.0,0.0
0.6380952380952382,0.3846153846153846,0.4000000000000001,0.0,0.3333333333333333,1.0,0.0,0.0,0.0,1.0,0.0,0.0,1.0,0.0
0.6352380952380953,0.5855338691159587,0.2,0.0,0.0,1.0,1.0,1.0,0.0,0.0,0.6666666666666666,1.0,0.0,0.0
0.6333333333333333,0.36165327210103326,0.4000000000000001,0.5,1.0,1.0,1.0,0.0,0.0,1.0,0.0,0.0,0.0,0.0
0.6190476190476191,0.6371986222732492,0.4000000000000001,0.5,0.0,1.0,0.0,1.0,0.0,1.0,1.0,0.0,1.0,0.0
0.6190476190476191,0.4994259471871413,0.6000000000000001,0.5,1.0,1.0,0.0,0.0,0.0,0.0,0.3333333333333333,0.0,1.0,0.0
0.6190476190476191,0.28128587830080365,0.4000000000000001,0.5,0.6666666666666667,1.0,0.0,0.0,0.0,1.0,0.6666666666666666,0.0,1.0,0.0
0.6190476190476191,0.843857634902411,0.4000000000000001,0.0,0.0,1.0,0.0,1.0,0.0,0.0,0.3333333333333333,1.0,0.0,0.0
0.6190476190476191,0.5453501722158439,0.4000000000000001,0.0,0.0,1.0,1.0,1.0,0.0,1.0,0.3333333333333333,1.0,1.0,0.0
0.6180952380952381,0.5683122847301952,0.4000000000000001,0.5,0.6666666666666667,1.0,0.0,0.0,0.0,1.0,0.0,1.0,0.0,1.0
0.6142857142857143,0.4994259471871413,0.6000000000000001,0.0,0.6666666666666667,1.0,1.0,1.0,0.0,0.0,0.0,1.0,0.0,1.0
0.6095238095238096,0.5683122847301952,0.4000000000000001,0.5,0.0,1.0,0.0,1.0,0.0,1.0,0.0,1.0,0.0,1.0
0.6095238095238096,0.442020665901263,0.4000000000000001,0.0,0.6666666666666667,1.0,0.0,0.0,0.0,0.0,0.3333333333333333,1.0,0.0,1.0
0.6047619047619048,0.442020665901263,0.4000000000000001,0.5,1.0,1.0,1.0,0.0,0.0,1.0,0.3333333333333333,0.0,1.0,0.0
0.6047619047619048,0.5396096440872561,0.4000000000000001,0.5,0.6666666666666667,1.0,1.0,0.0,0.0,1.0,0.0,0.0,0.0,0.0
0.6047619047619048,0.442020665901263,0.4000000000000001,0.5,0.0,1.0,1.0,1.0,0.0,0.0,0.6666666666666666,1.0,0.0,0.0
0.6,0.3272101033295063,0.4000000000000001,0.0,1.0,1.0,0.0,0.0,0.0,1.0,0.0,0.0,0.0,1.0
0.6,0.43628013777267516,0.6000000000000001,0.5,0.0,1.0,0.0,1.0,0.0,1.0,0.0,1.0,1.0,0.0
0.5952380952380952,0.547646383467279,0.4000000000000001,0.0,0.6666666666666667,1.0,0.0,1.0,0.0,0.0,0.0,1.0,0.0,1.0
0.5928571428571429,0.18254879448909297,0.6000000000000001,0.0,0.6666666666666667,1.0,0.0,0.0,0.0,0.0,0.3333333333333333,0.0,1.0,0.0
0.5904761904761905,0.5700344431687715,0.6000000000000001,0.5,0.3333333333333333,1.0,1.0,0.0,1.0,0.0,0.3333333333333333,0.0,1.0,0.0
0.5904761904761905,0.5683122847301952,0.4000000000000001,0.0,0.0,1.0,1.0,1.0,0.0,0.0,0.6666666666666666,1.0,1.0,0.0
0.5904761904761905,0.7717566016073479,0.4000000000000001,0.0,0.6666666666666667,1.0,0.0,0.0,0.0,1.0,0.6666666666666666,0.0,0.0,1.0
0.5895238095238096,0.30424799081515497,1.0000000000000002,0.5,0.3333333333333333,1.0,0.0,0.0,0.0,0.0,0.0,0.0,0.0,0.0
0.5895238095238096,0.9150401836969002,0.4000000000000001,0.0,0.0,1.0,0.0,1.0,0.0,0.0,0.6666666666666666,1.0,0.0,0.0
0.580952380952381,0.5912743972445466,0.2,0.0,0.0,1.0,1.0,1.0,0.0,0.0,0.6666666666666666,0.0,0.0,0.0
0.580952380952381,0.7290470723306545,0.4000000000000001,0.0,0.0,1.0,1.0,1.0,0.0,1.0,0.6666666666666666,1.0,1.0,0.0
0.580952380952381,0.6027554535017222,0.4000000000000001,0.5,0.0,1.0,1.0,1.0,0.0,0.0,0.0,1.0,0.0,1.0
0.5714285714285714,0.23536165327210104,0.6000000000000001,0.0,0.3333333333333333,1.0,1.0,0.0,0.0,1.0,0.0,0.0,0.0,0.0
0.5714285714285714,0.547646383467279,0.4000000000000001,0.0,0.0,1.0,0.0,1.0,0.0,1.0,0.0,1.0,0.0,0.0
0.5714285714285714,0.616532721010333,0.4000000000000001,0.0,0.0,1.0,0.0,1.0,0.0,1.0,0.6666666666666666,1.0,1.0,0.0
0.5714285714285714,0.5614236509758898,0.4000000000000001,0.0,0.0,1.0,1.0,1.0,0.0,0.0,0.6666666666666666,1.0,0.0,0.0
0.5714285714285714,0.6407577497129736,0.4000000000000001,0.0,0.3333333333333333,1.0,1.0,1.0,0.0,1.0,0.0,1.0,1.0,0.0
0.5714285714285714,0.5285878300803674,0.6000000000000001,0.5,0.0,1.0,0.0,1.0,0.0,0.0,0.3333333333333333,1.0,1.0,0.0
0.5714285714285714,0.6509758897818599,0.6000000000000001,0.5,0.3333333333333333,1.0,0.0,0.0,0.0,0.0,0.0,0.0,0.0,0.0
0.5714285714285714,0.5597014925373135,0.4000000000000001,0.5,1.0,1.0,0.0,0.0,0.0,0.0,0.3333333333333333,0.0,0.0,0.0
0.5619047619047619,0.6326061997703789,0.4000000000000001,0.0,0.0,1.0,0.0,1.0,0.0,0.0,0.6666666666666666,1.0,0.0,1.0
0.5619047619047619,0.5568312284730196,0.4000000000000001,0.5,0.6666666666666667,1.0,0.0,0.0,0.0,1.0,0.0,0.0,0.0,1.0
0.560952380952381,0.442020665901263,0.4000000000000001,0.0,0.6666666666666667,1.0,1.0,0.0,0.0,1.0,0.3333333333333333,0.0,0.0,0.0
0.56,0.36165327210103326,0.4000000000000001,0.0,0.0,1.0,1.0,1.0,0.0,0.0,0.0,0.0,0.0,1.0
0.5523809523809524,0.47967853042479913,0.6000000000000001,0.0,1.0,1.0,1.0,0.0,0.0,0.0,0.0,0.0,1.0,0.0
0.5523809523809524,0.4075774971297359,0.4000000000000001,0.0,0.6666666666666667,1.0,0.0,0.0,0.0,1.0,0.0,0.0,1.0,0.0
0.5523809523809524,0.36165327210103326,0.4000000000000001,0.0,0.6666666666666667,1.0,0.0,0.0,0.0,1.0,0.0,0.0,0.0,1.0
0.5514285714285715,0.6142365097588979,0.4000000000000001,0.0,0.0,1.0,0.0,1.0,0.0,0.0,0.6666666666666666,1.0,1.0,0.0
0.5476190476190477,0.4994259471871413,0.4000000000000001,0.5,1.0,1.0,0.0,0.0,0.0,1.0,0.0,0.0,0.0,1.0
0.5428571428571429,0.43053960964408733,0.6000000000000001,0.5,0.3333333333333333,1.0,0.0,0.0,0.0,1.0,0.6666666666666666,0.0,0.0,1.0
0.5428571428571429,0.34328358208955223,0.6000000000000001,0.0,0.3333333333333333,1.0,0.0,0.0,0.0,0.0,0.3333333333333333,0.0,1.0,0.0
0.5428571428571429,0.3846153846153846,0.4000000000000001,0.0,0.6666666666666667,1.0,0.0,0.0,0.0,1.0,0.0,0.0,1.0,0.0
0.5428571428571429,0.5407577497129736,0.4000000000000001,0.0,0.0,1.0,1.0,1.0,0.0,1.0,0.6666666666666666,1.0,0.0,0.0
0.5428571428571429,0.47646383467278997,0.4000000000000001,0.5,1.0,1.0,0.0,0.0,0.0,1.0,0.0,0.0,0.0,1.0
0.530952380952381,0.5752009184845006,0.6000000000000001,0.5,0.3333333333333333,1.0,1.0,1.0,0.0,0.0,0.3333333333333333,1.0,1.0,0.0
0.5238095238095238,0.36165327210103326,0.8,0.5,0.6666666666666667,0.0,0.0,1.0,1.0,0.0,0.0,0.0,0.0,1.0
0.5238095238095238,0.3501722158438576,0.6000000000000001,0.0,0.3333333333333333,1.0,1.0,1.0,0.0,1.0,0.3333333333333333,0.0,0.0,0.0
0.5238095238095238,0.3846153846153846,0.4000000000000001,0.0,1.0,1.0,0.0,0.0,0.0,0.0,0.0,0.0,0.0,0.0
0.5238095238095238,0.442020665901263,0.4000000000000001,0.5,0.3333333333333333,1.0,0.0,0.0,0.0,0.0,0.3333333333333333,0.0,1.0,0.0
0.5238095238095238,0.5407577497129736,0.4000000000000001,0.0,0.6666666666666667,1.0,0.0,0.0,0.0,0.0,0.0,1.0,1.0,0.0
0.5238095238095238,0.5683122847301952,0.6000000000000001,0.5,0.0,1.0,0.0,1.0,0.0,0.0,0.0,1.0,1.0,0.0
0.5238095238095238,0.4002296211251435,0.4000000000000001,0.0,0.3333333333333333,1.0,1.0,1.0,0.0,1.0,0.0,1.0,0.0,1.0
0.5190476190476191,0.3157290470723306,0.6000000000000001,0.0,0.3333333333333333,1.0,0.0,0.0,0.0,1.0,0.6666666666666666,1.0,1.0,0.0
0.5190476190476191,0.43053960964408733,0.8,0.0,0.3333333333333333,1.0,1.0,1.0,0.0,1.0,0.0,1.0,0.0,0.0
0.5142857142857143,0.1894374282433984,0.4000000000000001,1.0,0.3333333333333333,1.0,0.0,1.0,0.0,0.0,0.0,0.0,1.0,0.0
0.5142857142857143,0.2296211251435132,0.4000000000000001,0.5,0.3333333333333333,1.0,0.0,0.0,0.0,0.0,0.6666666666666666,0.0,1.0,0.0
0.5142857142857143,0.5109070034443169,0.4000000000000001,0.5,0.0,1.0,0.0,1.0,0.0,0.0,0.6666666666666666,1.0,0.0,0.0
0.5133333333333333,0.6027554535017222,0.4000000000000001,0.0,0.0,1.0,1.0,1.0,0.0,0.0,0.0,1.0,1.0,0.0
0.5095238095238095,0.13398392652123994,0.6000000000000001,0.5,0.3333333333333333,0.0,1.0,1.0,0.0,0.0,0.3333333333333333,0.0,0.0,0.0
0.5095238095238095,0.7267508610792193,0.4000000000000001,0.0,0.0,1.0,0.0,0.0,0.0,0.0,0.6666666666666666,0.0,1.0,0.0
0.5047619047619047,0.17221584385763491,0.4000000000000001,0.5,0.0,1.0,1.0,1.0,0.0,1.0,0.0,0.0,0.0,0.0
0.5047619047619047,0.5235361653272101,0.6000000000000001,0.0,1.0,1.0,1.0,0.0,0.0,1.0,0.0,0.0,0.0,0.0
0.5047619047619047,0.5109070034443169,0.4000000000000001,0.0,0.6666666666666667,1.0,1.0,0.0,0.0,1.0,0.0,1.0,1.0,0.0
0.5047619047619047,0.5683122847301952,0.6000000000000001,0.5,0.3333333333333333,1.0,1.0,1.0,0.0,0.0,0.0,1.0,1.0,0.0
0.5,0.5941446613088405,0.4000000000000001,0.0,0.0,1.0,1.0,1.0,0.0,1.0,0.0,1.0,1.0,0.0
0.49523809523809526,0.5809414466130884,0.4000000000000001,0.5,0.3333333333333333,1.0,1.0,1.0,0.0,0.0,0.3333333333333333,1.0,0.0,0.0
0.49428571428571433,0.5510907003444317,0.4000000000000001,0.5,0.0,1.0,1.0,1.0,1.0,0.0,0.0,0.0,0.0,1.0
0.48571428571428577,0.7060849598163031,0.4000000000000001,0.0,0.0,1.0,0.0,1.0,0.0,1.0,0.6666666666666666,1.0,0.0,1.0
0.480952380952381,0.33869115958668194,0.2,0.5,0.0,1.0,0.0,0.0,0.0,1.0,0.6666666666666666,0.0,1.0,0.0
0.47619047619047616,0.2996555683122847,0.6000000000000001,0.0,0.3333333333333333,1.0,0.0,1.0,0.0,1.0,0.0,0.0,0.0,0.0
0.47619047619047616,0.5614236509758898,0.6000000000000001,0.5,0.3333333333333333,0.0,0.0,0.0,0.0,1.0,0.0,0.0,1.0,0.0
0.47619047619047616,0.442020665901263,0.4000000000000001,0.5,0.0,1.0,0.0,1.0,0.0,0.0,0.0,0.0,1.0,0.0
0.47619047619047616,0.9895522388059701,0.4000000000000001,0.0,0.0,1.0,0.0,0.0,0.0,0.0,0.3333333333333333,1.0,1.0,0.0
0.47619047619047616,0.7749712973593571,0.4000000000000001,0.0,0.3333333333333333,1.0,1.0,1.0,0.0,1.0,0.6666666666666666,1.0,0.0,1.0
0.47619047619047616,0.41905855338691156,0.6000000000000001,0.5,0.0,1.0,0.0,0.0,0.0,1.0,0.0,1.0,0.0,1.0
0.47619047619047616,0.2468427095292767,0.4000000000000001,0.0,0.3333333333333333,1.0,1.0,1.0,0.0,0.0,0.3333333333333333,1.0,0.0,1.0
0.47619047619047616,0.9357060849598162,0.6000000000000001,0.5,0.3333333333333333,1.0,1.0,0.0,0.0,0.0,0.6666666666666666,0.0,1.0,0.0
0.47619047619047616,0.7887485648679678,0.4000000000000001,0.0,0.0,1.0,0.0,0.0,0.0,1.0,0.6666666666666666,0.0,0.0,0.0
0.47523809523809524,0.5051664753157291,0.4000000000000001,0.0,0.0,1.0,0.0,1.0,0.0,0.0,0.0,1.0,1.0,0.0
0.4733333333333334,0.6239954075774972,0.4000000000000001,0.0,0.0,1.0,1.0,1.0,0.0,0.0,0.6666666666666666,1.0,1.0,0.0
0.4714285714285714,0.1756601607347876,0.4000000000000001,0.5,0.3333333333333333,1.0,0.0,0.0,0.0,0.0,0.6666666666666666,0.0,1.0,0.0
0.4714285714285714,0.3272101033295063,0.6000000000000001,0.5,0.0,0.0,0.0,1.0,0.0,1.0,0.6666666666666666,0.0,1.0,0.0
0.4714285714285714,0.6371986222732492,0.4000000000000001,0.0,0.3333333333333333,1.0,1.0,1.0,0.0,0.0,0.3333333333333333,1.0,0.0,0.0
0.46190476190476193,0.2020665901262916,0.4000000000000001,0.0,0.3333333333333333,0.0,0.0,0.0,0.0,1.0,0.0,0.0,1.0,0.0
0.46190476190476193,0.7267508610792193,0.4000000000000001,0.0,0.0,1.0,0.0,0.0,0.0,0.0,0.3333333333333333,1.0,1.0,0.0
0.4571428571428572,0.15499425947187143,0.4000000000000001,0.5,0.3333333333333333,1.0,1.0,1.0,0.0,0.0,0.0,0.0,0.0,0.0
0.4571428571428572,0.15499425947187143,0.4000000000000001,0.0,0.3333333333333333,1.0,0.0,1.0,0.0,0.0,0.0,0.0,0.0,1.0
0.4571428571428572,0.5109070034443169,0.4000000000000001,0.0,0.0,1.0,0.0,1.0,0.0,1.0,0.0,1.0,1.0,0.0
0.45238095238095244,0.4672789896670494,0.2,0.0,0.3333333333333333,1.0,0.0,0.0,0.0,1.0,0.0,1.0,0.0,1.0
0.4476190476190476,0.21699196326061995,0.2,0.0,0.0,0.0,1.0,1.0,0.0,0.0,0.0,0.0,1.0,0.0
0.4476190476190476,0.6831228473019518,0.6000000000000001,0.0,0.3333333333333333,1.0,0.0,0.0,0.0,1.0,0.6666666666666666,0.0,0.0,0.0
0.4476190476190476,0.5683122847301952,0.4000000000000001,0.0,0.0,1.0,1.0,1.0,0.0,0.0,0.0,1.0,0.0,0.0
0.44666666666666666,0.36165327210103326,0.2,0.0,0.0,1.0,1.0,1.0,0.0,0.0,0.0,0.0,1.0,0.0
0.44285714285714284,0.746268656716418,0.4000000000000001,0.5,0.0,1.0,1.0,1.0,0.0,0.0,0.0,0.0,1.0,0.0
0.4380952380952381,0.3168771526980483,0.6000000000000001,1.0,0.3333333333333333,1.0,0.0,1.0,0.0,0.0,0.6666666666666666,0.0,1.0,0.0
0.4380952380952381,0.6929965556831229,0.4000000000000001,0.0,0.0,1.0,1.0,1.0,1.0,0.0,0.0,0.0,1.0,0.0
0.43619047619047624,0.1320321469575201,0.4000000000000001,0.5,0.3333333333333333,0.0,0.0,1.0,0.0,1.0,0.3333333333333333,0.0,1.0,0.0
0.43333333333333335,0.4934557979334099,0.4000000000000001,0.0,0.3333333333333333,1.0,0.0,0.0,0.0,1.0,0.0,0.0,1.0,0.0
0.42952380952380953,0.2927669345579793,0.4000000000000001,0.0,0.3333333333333333,1.0,0.0,0.0,0.0,0.0,0.3333333333333333,0.0,0.0,0.0
0.4285714285714286,0.3295063145809415,0.4000000000000001,0.0,0.3333333333333333,1.0,0.0,1.0,0.0,1.0,0.0,0.0,1.0,0.0
0.4285714285714286,0.28071182548794493,0.4000000000000001,0.0,0.3333333333333333,0.0,1.0,1.0,0.0,1.0,0.0,0.0,1.0,0.0
0.4285714285714286,0.28358208955223885,0.2,0.0,0.0,1.0,0.0,1.0,0.0,0.0,0.3333333333333333,0.0,1.0,0.0
0.4285714285714286,0.43053960964408733,0.6000000000000001,0.0,0.3333333333333333,1.0,0.0,0.0,0.0,0.0,0.0,0.0,1.0,0.0
0.4285714285714286,0.35820895522388063,0.4000000000000001,0.0,0.0,1.0,1.0,1.0,0.0,0.0,0.0,0.0,1.0,0.0
0.4285714285714286,0.5338691159586683,0.4000000000000001,0.0,0.0,1.0,0.0,0.0,0.0,1.0,0.6666666666666666,0.0,1.0,0.0
0.4285714285714286,0.47646383467278997,0.2,0.0,0.0,1.0,1.0,1.0,0.0,1.0,0.0,0.0,1.0,0.0
0.4285714285714286,0.15499425947187143,0.4000000000000001,0.0,0.3333333333333333,1.0,0.0,1.0,0.0,1.0,0.0,0.0,1.0,0.0
0.4285714285714286,0.15154994259471868,0.4000000000000001,0.0,0.6666666666666667,1.0,0.0,0.0,0.0,0.0,0.0,0.0,1.0,0.0
0.4285714285714286,0.582089552238806,0.4000000000000001,0.0,0.0,1.0,0.0,0.0,0.0,0.0,0.0,0.0,0.0,1.0
0.4285714285714286,0.34397244546498285,0.4000000000000001,0.0,0.3333333333333333,1.0,1.0,1.0,0.0,0.0,0.6666666666666666,0.0,1.0,0.0
0.4276190476190477,0.20321469575200915,0.6000000000000001,0.5,0.3333333333333333,1.0,0.0,1.0,0.0,1.0,0.6666666666666666,0.0,1.0,0.0
0.4276190476190477,0.38404133180252586,0.6000000000000001,0.5,0.0,1.0,0.0,1.0,0.0,0.0,0.0,0.0,1.0,0.0
0.42380952380952386,0.3099885189437428,0.2,0.0,0.0,1.0,0.0,1.0,0.0,0.0,0.0,0.0,0.0,1.0
0.419047619047619,0.288174512055109,0.4000000000000001,0.0,0.6666666666666667,1.0,0.0,0.0,0.0,0.0,0.0,0.0,0.0,1.0
0.419047619047619,0.5040183696900115,0.4000000000000001,0.0,0.0,1.0,0.0,0.0,0.0,0.0,0.6666666666666666,1.0,1.0,0.0
0.419047619047619,0.5983926521239954,0.4000000000000001,0.0,0.3333333333333333,1.0,0.0,0.0,0.0,1.0,0.6666666666666666,1.0,0.0,0.0
0.419047619047619,0.36337543053960963,0.2,0.0,0.0,1.0,0.0,0.0,0.0,1.0,0.0,1.0,1.0,0.0
0.41428571428571426,0.6142365097588979,0.4000000000000001,0.0,0.3333333333333333,1.0,0.0,1.0,0.0,0.0,0.0,0.0,0.0,1.0
0.41428571428571426,0.7405281285878301,0.6000000000000001,0.0,1.0,1.0,0.0,1.0,0.0,1.0,0.6666666666666666,0.0,1.0,0.0
0.41047619047619044,0.20321469575200915,0.6000000000000001,0.5,0.3333333333333333,1.0,0.0,0.0,0.0,0.0,0.0,0.0,1.0,0.0
0.4095238095238095,0.8629161882893226,0.2,0.0,0.0,1.0,0.0,1.0,0.0,1.0,0.6666666666666666,0.0,1.0,0.0
0.4095238095238095,0.5362801377726751,0.4000000000000001,0.0,0.3333333333333333,1.0,0.0,1.0,0.0,1.0,0.3333333333333333,0.0,0.0,0.0
0.4095238095238095,0.9862227324913893,0.2,0.0,0.0,1.0,0.0,0.0,0.0,1.0,0.6666666666666666,1.0,0.0,1.0
0.4085714285714286,0.5499425947187141,0.2,0.0,0.0,1.0,0.0,0.0,0.0,1.0,1.0,0.0,1.0,0.0
0.4,0.40413318025258327,0.4000000000000001,0.0,1.0,1.0,0.0,0.0,0.0,1.0,0.0,0.0,1.0,0.0
0.4,0.4994259471871413,0.2,0.0,0.0,1.0,0.0,1.0,0.0,1.0,0.3333333333333333,0.0,0.0,0.0
0.4,0.22732491389207807,0.4000000000000001,0.0,0.3333333333333333,1.0,0.0,0.0,0.0,0.0,0.6666666666666666,0.0,1.0,0.0
0.4,0.9204362801377728,0.6000000000000001,0.5,0.3333333333333333,1.0,1.0,1.0,0.0,0.0,0.3333333333333333,0.0,1.0,0.0
0.4,0.43053960964408733,0.2,0.0,0.3333333333333333,1.0,0.0,0.0,0.0,0.0,0.0,1.0,1.0,0.0
0.4,0.30654420206659017,0.4000000000000001,0.0,0.0,1.0,0.0,0.0,0.0,0.0,0.0,1.0,1.0,0.0
0.3952380952380953,0.24052812858783004,0.4000000000000001,0.0,0.3333333333333333,1.0,0.0,1.0,0.0,0.0,0.0,0.0,0.0,0.0
0.39047619047619053,0.288174512055109,0.4000000000000001,0.0,0.0,1.0,1.0,1.0,0.0,1.0,0.0,0.0,0.0,1.0
0.39047619047619053,0.25602755453501724,0.4000000000000001,0.5,0.3333333333333333,1.0,0.0,1.0,0.0,0.0,0.6666666666666666,0.0,1.0,0.0
0.39047619047619053,0.4626865671641791,0.4000000000000001,0.0,0.3333333333333333,1.0,1.0,0.0,0.0,1.0,0.3333333333333333,0.0,1.0,0.0
0.39047619047619053,0.14006888633754302,0.2,0.0,0.3333333333333333,1.0,1.0,1.0,0.0,0.0,0.0,1.0,1.0,0.0
0.39047619047619053,0.38576349024110224,0.4000000000000001,0.0,0.3333333333333333,1.0,0.0,1.0,0.0,0.0,0.0,0.0,1.0,0.0
0.3895238095238095,0.32835820895522394,0.6000000000000001,0.5,0.3333333333333333,1.0,0.0,1.0,0.0,0.0,0.0,0.0,1.0,0.0
0.3857142857142857,0.269804822043628,0.4000000000000001,0.0,0.3333333333333333,1.0,0.0,0.0,0.0,0.0,0.3333333333333333,0.0,0.0,0.0
0.3857142857142857,0.25143513203214696,0.4000000000000001,0.0,0.3333333333333333,1.0,0.0,0.0,0.0,0.0,0.3333333333333333,1.0,1.0,0.0
0.38095238095238093,0.2422502870264064,0.4000000000000001,0.0,0.0,1.0,0.0,0.0,0.0,0.0,0.6666666666666666,0.0,1.0,0.0
0.38095238095238093,0.2284730195177956,0.4000000000000001,0.0,0.3333333333333333,1.0,0.0,0.0,0.0,1.0,0.0,0.0,0.0,0.0
0.38095238095238093,0.1033295063145809,0.4000000000000001,0.0,0.3333333333333333,1.0,0.0,1.0,0.0,0.0,0.0,0.0,0.0,0.0
0.38095238095238093,0.42135476463834676,0.4000000000000001,0.0,0.3333333333333333,1.0,1.0,1.0,0.0,0.0,0.0,1.0,1.0,0.0
0.38095238095238093,0.42594718714121704,0.4000000000000001,0.0,0.3333333333333333,1.0,0.0,0.0,0.0,0.0,0.6666666666666666,1.0,0.0,1.0
0.38095238095238093,0.2146957520091848,0.4000000000000001,0.0,0.0,1.0,0.0,0.0,0.0,0.0,0.0,1.0,1.0,0.0
0.38095238095238093,0.7749712973593571,0.6000000000000001,0.0,1.0,1.0,0.0,0.0,0.0,0.0,1.0,0.0,0.0,1.0
0.38,0.28128587830080365,0.2,0.5,0.0,1.0,1.0,1.0,0.0,0.0,0.0,0.0,1.0,0.0
0.38,0.38346727898966704,0.6000000000000001,0.5,0.3333333333333333,1.0,1.0,1.0,0.0,0.0,0.0,1.0,0.0,0.0
0.3761904761904762,0.21354764638346727,0.4000000000000001,0.0,0.6666666666666667,1.0,0.0,0.0,0.0,0.0,0.0,0.0,1.0,0.0
0.3761904761904762,0.2066590126291619,0.4000000000000001,0.0,0.3333333333333333,1.0,0.0,1.0,0.0,0.0,0.3333333333333333,0.0,1.0,0.0
0.3761904761904762,0.9425947187141217,0.4000000000000001,0.0,0.0,1.0,0.0,0.0,0.0,0.0,0.0,0.0,1.0,0.0
0.3761904761904762,0.2146957520091848,0.2,0.0,0.3333333333333333,1.0,0.0,0.0,0.0,0.0,0.0,1.0,0.0,0.0
0.37142857142857144,0.32835820895522394,0.6000000000000001,0.0,0.3333333333333333,1.0,0.0,0.0,0.0,1.0,0.6666666666666666,0.0,1.0,0.0
0.37142857142857144,0.48622273249138925,0.2,0.0,0.0,1.0,0.0,0.0,0.0,1.0,0.3333333333333333,0.0,0.0,1.0
0.37142857142857144,0.269804822043628,0.4000000000000001,0.0,0.3333333333333333,1.0,0.0,0.0,0.0,0.0,0.6666666666666666,0.0,0.0,0.0
0.37142857142857144,0.7577497129735936,0.4000000000000001,0.0,0.0,1.0,0.0,0.0,0.0,0.0,0.0,0.0,0.0,0.0
0.37142857142857144,0.2743972445464983,0.4000000000000001,0.0,0.3333333333333333,1.0,0.0,0.0,0.0,0.0,0.3333333333333333,0.0,1.0,0.0
0.3704761904761905,0.5407577497129736,0.2,0.0,0.0,1.0,0.0,1.0,0.0,1.0,0.3333333333333333,0.0,0.0,0.0
0.3704761904761905,0.17359357060849598,0.4000000000000001,0.0,0.3333333333333333,1.0,0.0,0.0,0.0,1.0,0.3333333333333333,0.0,0.0,0.0
0.3704761904761905,0.21354764638346727,0.4000000000000001,0.0,0.3333333333333333,1.0,0.0,0.0,0.0,0.0,0.0,0.0,1.0,0.0
0.3666666666666667,0.24110218140068887,0.2,0.0,0.0,1.0,1.0,1.0,0.0,0.0,0.0,0.0,1.0,0.0
0.36190476190476195,0.2661308840413318,0.4000000000000001,0.0,0.3333333333333333,0.0,0.0,0.0,0.0,0.0,0.0,0.0,1.0,0.0
0.36190476190476195,0.3731343283582089,0.2,0.0,0.3333333333333333,1.0,0.0,1.0,0.0,0.0,0.0,0.0,1.0,0.0
0.3609523809523809,0.14121699196326062,0.4000000000000001,0.0,0.3333333333333333,1.0,0.0,0.0,0.0,0.0,0.0,1.0,1.0,0.0
0.3609523809523809,0.37083811710677383,0.4000000000000001,0.0,0.0,1.0,0.0,0.0,0.0,0.0,0.6666666666666666,1.0,0.0,1.0
0.3609523809523809,0.3754305396096441,0.4000000000000001,0.0,0.3333333333333333,1.0,0.0,0.0,0.0,0.0,0.3333333333333333,0.0,1.0,0.0
0.35809523809523813,0.37887485648679675,0.6000000000000001,0.0,0.3333333333333333,1.0,0.0,0.0,0.0,1.0,0.0,0.0,1.0,0.0
0.3571428571428571,0.25832376578645233,0.4000000000000001,0.0,0.3333333333333333,1.0,0.0,0.0,0.0,0.0,0.0,0.0,0.0,1.0
0.35238095238095235,0.3272101033295063,0.4000000000000001,0.5,0.6666666666666667,1.0,0.0,0.0,1.0,0.0,0.3333333333333333,0.0,0.0,0.0
0.35238095238095235,0.02927669345579792,0.8,0.0,0.3333333333333333,0.0,0.0,1.0,0.0,0.0,0.0,0.0,1.0,0.0
0.35238095238095235,0.27841561423650973,0.4000000000000001,0.0,0.0,1.0,1.0,1.0,0.0,0.0,0.6666666666666666,0.0,1.0,0.0
0.35238095238095235,0.21239954075774972,0.6000000000000001,0.0,0.3333333333333333,1.0,0.0,0.0,0.0,0.0,0.6666666666666666,0.0,0.0,0.0
0.35238095238095235,0.5510907003444317,0.6000000000000001,0.0,0.3333333333333333,1.0,0.0,0.0,0.0,0.0,0.0,0.0,1.0,0.0
0.34952380952380957,0.2734787600459242,0.2,0.0,0.0,1.0,0.0,1.0,0.0,0.0,0.0,0.0,0.0,0.0
0.3476190476190476,0.3157290470723306,0.2,0.0,0.0,1.0,0.0,0.0,0.0,0.0,0.3333333333333333,0.0,1.0,0.0
0.3476190476190476,1.0,0.2,0.0,0.0,1.0,0.0,0.0,0.0,0.0,0.3333333333333333,1.0,1.0,0.0
0.3438095238095238,0.20091848450057406,0.4000000000000001,0.0,0.3333333333333333,1.0,0.0,1.0,0.0,0.0,0.6666666666666666,1.0,1.0,0.0
0.34285714285714286,0.5407577497129736,0.2,0.0,0.0,1.0,0.0,0.0,0.0,0.0,0.0,0.0,0.0,0.0
0.34285714285714286,0.5407577497129736,0.2,0.0,0.3333333333333333,1.0,0.0,0.0,0.0,0.0,0.0,0.0,0.0,1.0
0.34285714285714286,0.3272101033295063,0.2,0.0,0.0,1.0,0.0,0.0,0.0,1.0,0.6666666666666666,0.0,0.0,0.0
0.34285714285714286,0.06027554535017221,0.4000000000000001,0.0,0.3333333333333333,0.0,1.0,1.0,0.0,1.0,0.0,0.0,0.0,1.0
0.34285714285714286,0.31113662456946045,0.6000000000000001,0.0,0.3333333333333333,1.0,0.0,0.0,0.0,0.0,0.0,0.0,0.0,0.0
0.34285714285714286,0.7026406429391504,0.2,0.0,0.0,1.0,0.0,0.0,0.0,0.0,0.3333333333333333,0.0,0.0,0.0
0.3380952380952381,0.5740528128587831,0.4000000000000001,0.0,0.3333333333333333,1.0,1.0,0.0,0.0,0.0,0.0,0.0,1.0,0.0
0.3380952380952381,0.13053960964408726,0.4000000000000001,0.0,0.0,1.0,0.0,1.0,0.0,0.0,0.0,1.0,0.0,0.0
0.33333333333333337,0.442020665901263,0.4000000000000001,0.0,0.3333333333333333,1.0,0.0,0.0,0.0,1.0,0.0,0.0,0.0,1.0
0.33333333333333337,0.38920780711825487,0.4000000000000001,0.0,0.3333333333333333,1.0,0.0,1.0,0.0,1.0,0.0,0.0,0.0,1.0
0.33333333333333337,0.4822043628013778,0.2,0.0,0.0,1.0,1.0,1.0,0.0,0.0,0.6666666666666666,0.0,1.0,0.0
0.33333333333333337,0.11021814006888633,0.6000000000000001,1.0,0.3333333333333333,0.0,0.0,0.0,0.0,0.0,0.0,0.0,1.0,0.0
0.33333333333333337,0.14959816303099885,0.4000000000000001,0.0,0.3333333333333333,1.0,0.0,1.0,0.0,1.0,0.0,0.0,0.0,1.0
0.33333333333333337,0.12594718714121697,0.6000000000000001,0.5,0.3333333333333333,0.0,0.0,0.0,0.0,0.0,0.0,0.0,1.0,0.0
0.33333333333333337,0.3168771526980483,0.2,0.0,0.0,0.0,0.0,0.0,0.0,0.0,0.3333333333333333,0.0,0.0,1.0
0.33333333333333337,0.269804822043628,0.6000000000000001,0.5,0.3333333333333333,0.0,0.0,0.0,0.0,0.0,0.0,0.0,1.0,0.0
0.33333333333333337,0.07749712973593567,0.4000000000000001,0.0,0.3333333333333333,0.0,0.0,0.0,0.0,0.0,0.0,0.0,1.0,0.0
0.33333333333333337,0.33869115958668194,0.4000000000000001,0.5,0.3333333333333333,1.0,0.0,0.0,0.0,1.0,0.3333333333333333,0.0,1.0,0.0
0.33333333333333337,0.2284730195177956,0.4000000000000001,0.5,0.3333333333333333,1.0,0.0,1.0,0.0,0.0,0.0,0.0,0.0,1.0
0.33333333333333337,0.47646383467278997,0.4000000000000001,0.0,0.0,1.0,0.0,0.0,1.0,0.0,0.6666666666666666,0.0,1.0,0.0
0.33333333333333337,0.6142365097588979,0.4000000000000001,0.0,0.0,1.0,0.0,0.0,0.0,0.0,1.0,0.0,0.0,0.0
0.33333333333333337,0.2788748564867968,0.4000000000000001,0.0,0.6666666666666667,1.0,0.0,0.0,0.0,0.0,0.0,0.0,1.0,0.0
0.33333333333333337,0.2146957520091848,0.4000000000000001,0.0,0.3333333333333333,1.0,0.0,0.0,0.0,0.0,0.0,1.0,1.0,0.0
0.33333333333333337,0.056831228473019496,0.4000000000000001,0.0,0.6666666666666667,1.0,0.0,0.0,0.0,0.0,0.3333333333333333,1.0,0.0,1.0
0.33333333333333337,0.3272101033295063,0.4000000000000001,0.0,0.0,1.0,0.0,1.0,0.0,0.0,0.0,0.0,0.0,0.0
0.33238095238095233,0.7577497129735936,0.4000000000000001,0.0,0.0,1.0,0.0,1.0,0.0,0.0,1.0,0.0,1.0,0.0
0.33238095238095233,0.2066590126291619,0.4000000000000001,0.0,0.3333333333333333,1.0,0.0,0.0,0.0,0.0,0.3333333333333333,0.0,1.0,0.0
0.3285714285714286,0.36624569460390355,0.4000000000000001,0.0,0.3333333333333333,1.0,0.0,0.0,0.0,0.0,0.3333333333333333,0.0,1.0,0.0
0.3285714285714286,0.27898966704936856,0.4000000000000001,0.0,0.3333333333333333,1.0,0.0,0.0,0.0,0.0,0.6666666666666666,0.0,1.0,0.0
0.3285714285714286,0.2750861079219288,0.4000000000000001,0.0,0.3333333333333333,1.0,0.0,1.0,0.0,0.0,0.3333333333333333,0.0,1.0,0.0
0.32380952380952377,0.34236509758897815,0.6000000000000001,0.0,0.3333333333333333,1.0,0.0,0.0,0.0,1.0,0.0,0.0,1.0,0.0
0.32380952380952377,0.4977037887485649,0.4000000000000001,0.0,0.0,1.0,0.0,1.0,0.0,0.0,0.0,0.0,1.0,0.0
0.32285714285714284,0.5063145809414467,0.2,0.0,0.0,1.0,0.0,1.0,0.0,0.0,0.3333333333333333,0.0,1.0,0.0
0.31952380952380954,0.22388059701492538,0.4000000000000001,0.0,0.0,1.0,0.0,1.0,0.0,1.0,0.0,1.0,0.0,0.0
0.319047619047619,0.2330654420206659,0.4000000000000001,0.5,0.3333333333333333,1.0,0.0,0.0,0.0,0.0,0.0,0.0,1.0,0.0
0.319047619047619,0.2743972445464983,0.2,0.0,0.3333333333333333,1.0,0.0,0.0,0.0,0.0,0.3333333333333333,0.0,1.0,0.0
0.319047619047619,0.45350172215843865,0.2,0.0,0.0,1.0,0.0,0.0,0.0,1.0,0.0,0.0,1.0,0.0
0.3142857142857143,0.4879448909299656,0.6000000000000001,0.5,0.3333333333333333,0.0,0.0,1.0,0.0,0.0,0.3333333333333333,0.0,0.0,1.0
0.3142857142857143,0.3836969001148106,0.4000000000000001,0.5,0.3333333333333333,1.0,0.0,0.0,0.0,0.0,0.6666666666666666,0.0,0.0,1.0
0.3142857142857143,0.30884041331802525,0.4000000000000001,0.0,0.0,1.0,0.0,0.0,0.0,0.0,0.0,0.0,1.0,0.0
0.3142857142857143,0.15499425947187143,0.6000000000000001,0.0,0.6666666666666667,1.0,0.0,1.0,0.0,1.0,0.6666666666666666,0.0,1.0,0.0
0.3142857142857143,0.30654420206659017,0.4000000000000001,0.0,0.3333333333333333,1.0,0.0,0.0,0.0,0.0,0.6666666666666666,1.0,0.0,0.0
0.30952380952380953,0.22732491389207807,0.4000000000000001,0.5,0.3333333333333333,1.0,0.0,0.0,1.0,0.0,0.6666666666666666,0.0,1.0,0.0
0.30952380952380953,0.20780711825487944,0.4000000000000001,0.5,0.0,1.0,0.0,1.0,0.0,1.0,0.3333333333333333,0.0,0.0,0.0
0.30952380952380953,0.43053960964408733,0.4000000000000001,0.0,0.0,1.0,0.0,0.0,0.0,0.0,1.0,0.0,1.0,0.0
0.30714285714285716,0.3272101033295063,0.4000000000000001,0.0,0.3333333333333333,0.0,0.0,1.0,0.0,1.0,0.0,0.0,1.0,0.0
0.30714285714285716,0.20780711825487944,0.6000000000000001,0.0,0.3333333333333333,1.0,0.0,0.0,0.0,1.0,0.0,0.0,1.0,0.0
0.3047619047619048,0.28128587830080365,0.6000000000000001,0.0,0.0,0.0,0.0,1.0,0.0,0.0,0.0,0.0,0.0,1.0
0.3047619047619048,0.5545350172215844,0.4000000000000001,0.0,0.3333333333333333,0.0,0.0,0.0,0.0,1.0,0.3333333333333333,0.0,1.0,0.0
0.3047619047619048,0.3272101033295063,0.4000000000000001,0.5,0.3333333333333333,0.0,0.0,1.0,0.0,1.0,0.0,0.0,1.0,0.0
0.3047619047619048,0.2652123995407577,0.4000000000000001,0.0,0.3333333333333333,1.0,0.0,0.0,0.0,0.0,0.0,0.0,0.0,0.0
0.3047619047619048,0.2755453501722158,0.2,0.0,0.3333333333333333,1.0,1.0,1.0,0.0,0.0,0.0,1.0,0.0,1.0
0.2952380952380952,0.6440872560275546,0.4000000000000001,0.5,0.0,1.0,1.0,1.0,0.0,0.0,1.0,0.0,0.0,0.0
0.2952380952380952,0.442020665901263,0.6000000000000001,0.0,0.3333333333333333,1.0,1.0,1.0,0.0,0.0,0.0,0.0,1.0,0.0
0.2952380952380952,0.15499425947187143,0.4000000000000001,0.0,0.3333333333333333,1.0,0.0,0.0,0.0,0.0,0.0,0.0,1.0,0.0
0.2952380952380952,0.1882893226176808,0.2,0.0,0.0,1.0,0.0,0.0,1.0,0.0,0.3333333333333333,0.0,0.0,0.0
0.2952380952380952,0.2486796785304248,0.2,0.0,0.0,1.0,0.0,1.0,0.0,1.0,0.6666666666666666,0.0,0.0,0.0
0.2952380952380952,0.7382319173363949,0.4000000000000001,0.0,0.0,1.0,0.0,0.0,0.0,1.0,0.6666666666666666,0.0,1.0,0.0
0.2952380952380952,0.056831228473019496,0.6000000000000001,0.5,0.0,1.0,0.0,1.0,0.0,0.0,0.0,1.0,0.0,1.0
0.29047619047619044,0.24454649827784156,0.2,0.0,0.3333333333333333,1.0,1.0,1.0,0.0,0.0,0.0,0.0,1.0,0.0
0.29047619047619044,0.1756601607347876,0.6000000000000001,0.5,0.3333333333333333,1.0,0.0,0.0,0.0,0.0,0.0,0.0,0.0,0.0
0.2857142857142857,0.41905855338691156,0.8,0.5,0.3333333333333333,1.0,0.0,0.0,0.0,0.0,0.0,0.0,1.0,0.0
0.2857142857142857,0.1756601607347876,0.2,0.5,0.0,1.0,0.0,1.0,0.0,0.0,0.6666666666666666,0.0,1.0,0.0
0.2857142857142857,0.6316877152698048,0.4000000000000001,0.0,0.3333333333333333,1.0,0.0,0.0,0.0,1.0,0.0,0.0,0.0,0.0
0.2857142857142857,0.27898966704936856,0.2,0.0,0.0,1.0,0.0,0.0,0.0,0.0,0.0,0.0,1.0,0.0
0.2857142857142857,0.2525832376578645,0.2,0.0,0.0,1.0,0.0,0.0,0.0,0.0,0.0,0.0,1.0,0.0
0.2857142857142857,0.04190585533869115,0.4000000000000001,0.0,0.3333333333333333,1.0,0.0,1.0,0.0,0.0,0.0,1.0,1.0,0.0
0.2857142857142857,0.06039035591274397,0.2,0.0,0.3333333333333333,1.0,1.0,0.0,0.0,0.0,0.0,1.0,1.0,0.0
0.28380952380952384,0.19517795637198623,0.4000000000000001,0.0,0.3333333333333333,1.0,0.0,0.0,0.0,0.0,0.0,0.0,0.0,1.0
0.28095238095238095,0.17221584385763491,0.2,0.5,0.0,0.0,0.0,1.0,0.0,0.0,0.0,0.0,1.0,0.0
0.2761904761904762,0.36394948335246846,0.4000000000000001,0.0,0.3333333333333333,1.0,0.0,0.0,0.0,0.0,0.0,0.0,1.0,0.0
0.2761904761904762,0.20321469575200915,0.2,0.0,0.3333333333333333,1.0,0.0,0.0,1.0,0.0,0.3333333333333333,0.0,1.0,0.0
0.2761904761904762,0.22388059701492538,0.2,0.0,0.0,1.0,0.0,0.0,0.0,0.0,0.0,0.0,1.0,0.0
0.2761904761904762,0.4799081515499426,0.2,0.0,0.0,1.0,0.0,0.0,0.0,0.0,0.6666666666666666,0.0,0.0,1.0
0.2761904761904762,0.13846153846153844,0.4000000000000001,0.0,0.6666666666666667,1.0,0.0,0.0,0.0,0.0,0.0,1.0,0.0,0.0
0.2761904761904762,0.7749712973593571,0.2,0.0,0.0,1.0,0.0,0.0,0.0,0.0,0.3333333333333333,0.0,0.0,0.0
0.2752380952380953,0.7577497129735936,0.4000000000000001,0.0,0.0,1.0,0.0,0.0,0.0,0.0,0.6666666666666666,0.0,0.0,0.0
0.2752380952380953,0.09988518943742822,0.8,0.5,0.0,0.0,0.0,1.0,0.0,1.0,0.3333333333333333,0.0,0.0,0.0
0.2752380952380953,0.6061997703788748,0.6000000000000001,0.0,0.3333333333333333,0.0,0.0,0.0,0.0,0.0,0.3333333333333333,0.0,0.0,0.0
0.27142857142857146,0.21010332950631458,0.2,0.0,0.0,1.0,0.0,0.0,0.0,0.0,0.0,1.0,1.0,0.0
0.2666666666666667,0.22388059701492538,0.4000000000000001,0.0,0.0,1.0,0.0,0.0,0.0,0.0,0.3333333333333333,0.0,0.0,1.0
0.2666666666666667,0.2743972445464983,0.2,0.0,0.0,1.0,0.0,0.0,0.0,0.0,0.0,0.0,1.0,0.0
0.2666666666666667,0.5017221584385764,0.4000000000000001,0.0,0.0,1.0,0.0,0.0,0.0,0.0,0.0,0.0,1.0,0.0
0.2666666666666667,0.2755453501722158,0.2,0.0,0.0,1.0,0.0,0.0,0.0,0.0,0.0,0.0,0.0,0.0
0.2666666666666667,0.22204362801377728,0.2,0.0,0.0,1.0,0.0,0.0,1.0,0.0,0.0,0.0,1.0,0.0
0.2657142857142857,0.16877152698048217,0.4000000000000001,0.0,0.3333333333333333,0.0,0.0,1.0,1.0,0.0,0.0,0.0,1.0,0.0
0.2657142857142857,0.43628013777267516,0.2,0.0,0.0,1.0,0.0,0.0,0.0,0.0,0.0,0.0,0.0,0.0
0.26190476190476186,0.22732491389207807,0.2,0.0,0.0,1.0,0.0,1.0,0.0,0.0,0.0,0.0,0.0,0.0
0.26190476190476186,0.22732491389207807,0.2,0.0,0.0,1.0,0.0,0.0,0.0,1.0,0.0,0.0,0.0,1.0
0.26190476190476186,0.4580941446613088,0.2,0.0,0.0,0.0,0.0,0.0,0.0,0.0,0.0,0.0,1.0,0.0
0.26190476190476186,0.22388059701492538,0.2,0.0,0.0,1.0,0.0,0.0,0.0,0.0,0.0,0.0,0.0,0.0
0.2571428571428571,0.3019517795637199,0.2,0.0,0.0,1.0,0.0,0.0,0.0,1.0,0.6666666666666666,0.0,1.0,0.0
0.2571428571428571,0.22043628013777264,0.4000000000000001,0.0,0.3333333333333333,1.0,0.0,1.0,0.0,0.0,0.0,0.0,1.0,0.0
0.2571428571428571,0.1756601607347876,0.4000000000000001,0.0,0.3333333333333333,0.0,0.0,1.0,0.0,0.0,0.0,0.0,1.0,0.0
0.2571428571428571,0.15499425947187143,0.2,0.0,0.3333333333333333,1.0,0.0,0.0,0.0,1.0,0.0,0.0,0.0,0.0
0.2571428571428571,0.2146957520091848,0.2,0.5,0.0,1.0,0.0,1.0,0.0,0.0,0.0,0.0,1.0,0.0
0.2571428571428571,0.494833524684271,0.4000000000000001,0.0,0.3333333333333333,1.0,1.0,1.0,0.0,0.0,0.0,0.0,0.0,1.0
0.2571428571428571,0.2847301951779564,0.4000000000000001,0.5,0.3333333333333333,1.0,0.0,0.0,0.0,0.0,0.6666666666666666,0.0,1.0,0.0
0.2571428571428571,0.13777267508610794,0.4000000000000001,0.5,0.3333333333333333,0.0,0.0,1.0,0.0,0.0,0.0,1.0,0.0,1.0
0.2571428571428571,0.07175660160734784,0.4000000000000001,0.0,0.6666666666666667,1.0,0.0,0.0,1.0,1.0,0.0,1.0,1.0,0.0
0.2561904761904762,0.2146957520091848,0.4000000000000001,0.0,0.0,1.0,0.0,0.0,0.0,0.0,0.6666666666666666,1.0,0.0,1.0
0.2523809523809524,0.3272101033295063,0.2,0.0,0.0,1.0,0.0,0.0,0.0,0.0,0.0,0.0,1.0,0.0
0.2523809523809524,0.269804822043628,0.2,0.0,0.0,1.0,0.0,0.0,0.0,0.0,0.0,1.0,1.0,0.0
0.24761904761904766,0.17221584385763491,0.4000000000000001,0.0,0.3333333333333333,1.0,0.0,1.0,0.0,0.0,0.0,0.0,0.0,0.0
0.24761904761904766,0.3272101033295063,0.6000000000000001,0.5,0.3333333333333333,1.0,0.0,1.0,0.0,0.0,0.6666666666666666,0.0,0.0,0.0
0.24761904761904766,0.3272101033295063,0.2,0.0,0.0,0.0,0.0,0.0,0.0,0.0,0.0,0.0,0.0,0.0
0.24761904761904766,0.2284730195177956,0.2,0.0,0.0,1.0,0.0,0.0,0.0,0.0,0.0,0.0,0.0,1.0
0.24285714285714285,0.2525832376578645,0.4000000000000001,0.0,0.0,1.0,0.0,0.0,0.0,0.0,0.6666666666666666,0.0,0.0,1.0
0.2380952380952381,0.2973593570608496,0.4000000000000001,0.0,0.3333333333333333,1.0,0.0,0.0,0.0,1.0,0.0,0.0,1.0,0.0
0.2380952380952381,0.2296211251435132,0.4000000000000001,0.0,0.3333333333333333,1.0,0.0,0.0,0.0,0.0,0.0,0.0,0.0,1.0
0.2380952380952381,0.33869115958668194,0.6000000000000001,0.0,0.3333333333333333,1.0,0.0,0.0,0.0,0.0,0.0,0.0,1.0,0.0
0.2380952380952381,0.05568312284730195,0.4000000000000001,0.5,0.3333333333333333,0.0,0.0,0.0,0.0,0.0,0.0,0.0,0.0,1.0
0.2380952380952381,0.15912743972445462,0.4000000000000001,0.0,0.3333333333333333,1.0,0.0,1.0,0.0,0.0,0.0,0.0,1.0,0.0
0.2380952380952381,0.26865671641791045,0.4000000000000001,0.0,0.3333333333333333,1.0,0.0,0.0,0.0,0.0,0.0,0.0,1.0,0.0
0.2380952380952381,0.6629161882893226,0.4000000000000001,0.0,0.0,0.0,0.0,0.0,0.0,0.0,0.0,0.0,0.0,1.0
0.2380952380952381,0.21010332950631458,0.4000000000000001,0.0,0.0,0.0,0.0,0.0,0.0,1.0,0.0,0.0,0.0,1.0
0.2380952380952381,0.22388059701492538,1.0000000000000002,0.0,0.3333333333333333,1.0,0.0,0.0,0.0,0.0,0.3333333333333333,0.0,0.0,1.0
0.2380952380952381,0.2284730195177956,0.2,0.0,0.0,1.0,0.0,0.0,0.0,0.0,0.3333333333333333,0.0,1.0,0.0
0.2380952380952381,0.4879448909299656,0.2,0.0,0.0,1.0,0.0,0.0,0.0,0.0,0.3333333333333333,0.0,0.0,0.0
0.2380952380952381,0.16877152698048217,0.4000000000000001,0.0,0.3333333333333333,1.0,0.0,0.0,0.0,0.0,0.3333333333333333,0.0,0.0,1.0
0.2380952380952381,0.6544202066590127,0.2,0.0,0.0,1.0,0.0,0.0,0.0,0.0,0.3333333333333333,0.0,1.0,0.0
0.2380952380952381,0.21377726750861079,0.2,0.0,0.0,1.0,0.0,0.0,0.0,0.0,0.3333333333333333,1.0,0.0,1.0
0.2380952380952381,0.9012629161882892,0.4000000000000001,0.0,0.3333333333333333,1.0,0.0,0.0,0.0,0.0,1.0,1.0,0.0,1.0
0.2380952380952381,0.4856486796785304,0.2,0.0,0.0,1.0,0.0,0.0,0.0,0.0,0.0,0.0,0.0,1.0
0.23714285714285718,0.3731343283582089,0.4000000000000001,0.0,0.3333333333333333,0.0,0.0,0.0,0.0,0.0,0.0,0.0,0.0,1.0
0.23333333333333336,0.1618828932261768,0.4000000000000001,0.0,0.0,1.0,0.0,0.0,0.0,0.0,0.0,0.0,0.0,1.0
0.23333333333333336,0.42135476463834676,0.2,0.0,0.0,1.0,0.0,0.0,0.0,0.0,0.3333333333333333,1.0,0.0,1.0
0.23333333333333336,0.056831228473019496,0.4000000000000001,0.0,0.6666666666666667,1.0,0.0,0.0,0.0,0.0,0.0,1.0,0.0,0.0
0.22857142857142862,0.269804822043628,0.2,0.0,0.0,1.0,0.0,0.0,0.0,0.0,0.0,0.0,0.0,1.0
0.22857142857142862,0.17623421354764637,0.2,0.0,0.0,1.0,0.0,0.0,0.0,0.0,0.6666666666666666,0.0,0.0,1.0
0.22857142857142862,0.2525832376578645,0.4000000000000001,0.0,0.0,1.0,0.0,0.0,0.0,0.0,0.0,0.0,0.0,1.0
0.22857142857142862,0.056831228473019496,0.4000000000000001,0.0,0.6666666666666667,1.0,0.0,0.0,0.0,0.0,0.0,1.0,0.0,0.0
0.22857142857142862,0.11021814006888633,0.4000000000000001,0.0,0.3333333333333333,1.0,0.0,1.0,0.0,0.0,0.0,1.0,0.0,1.0
0.22857142857142862,0.03444316877152698,0.4000000000000001,0.5,0.3333333333333333,1.0,0.0,1.0,0.0,0.0,0.0,1.0,0.0,1.0
0.22761904761904764,0.2743972445464983,0.2,0.0,0.0,1.0,0.0,0.0,0.0,0.0,0.0,0.0,0.0,1.0
0.22380952380952382,0.359931113662457,0.4000000000000001,0.0,0.3333333333333333,1.0,1.0,1.0,0.0,1.0,0.3333333333333333,0.0,0.0,0.0
0.22380952380952382,0.2066590126291619,0.4000000000000001,0.0,0.0,1.0,0.0,1.0,0.0,0.0,0.6666666666666666,0.0,0.0,1.0
0.22380952380952382,0.2284730195177956,0.2,0.0,0.0,1.0,0.0,0.0,0.0,0.0,0.0,0.0,0.0,0.0
0.21904761904761907,0.21239954075774972,0.6000000000000001,0.0,0.3333333333333333,1.0,0.0,0.0,0.0,1.0,0.6666666666666666,0.0,0.0,1.0
0.21904761904761907,0.3800229621125144,0.6000000000000001,0.0,0.6666666666666667,0.0,0.0,0.0,0.0,0.0,0.0,0.0,1.0,0.0
0.21904761904761907,0.28358208955223885,0.2,0.0,0.3333333333333333,1.0,0.0,0.0,0.0,0.0,0.0,0.0,0.0,1.0
0.21904761904761907,0.35591274397244543,0.2,0.0,0.0,1.0,0.0,0.0,0.0,0.0,0.0,0.0,0.0,1.0
0.21904761904761907,0.23765786452353613,0.2,0.0,0.0,0.0,0.0,0.0,0.0,1.0,0.0,0.0,0.0,1.0
0.21904761904761907,0.24110218140068887,0.4000000000000001,0.0,0.0,1.0,0.0,0.0,0.0,0.0,0.0,0.0,0.0,1.0
0.21904761904761907,0.16647531572904709,0.4000000000000001,0.0,0.3333333333333333,0.0,0.0,1.0,0.0,0.0,0.0,0.0,1.0,0.0
0.21904761904761907,0.17623421354764637,0.2,0.0,0.0,1.0,0.0,1.0,0.0,0.0,0.6666666666666666,0.0,0.0,0.0
0.2180952380952381,0.12055109070034445,0.4000000000000001,0.0,0.0,0.0,0.0,0.0,0.0,0.0,0.0,0.0,0.0,0.0
0.21523809523809526,0.056831228473019496,0.4000000000000001,0.0,0.3333333333333333,1.0,0.0,1.0,0.0,0.0,0.0,1.0,0.0,0.0
0.21428571428571433,0.2743972445464983,0.2,0.0,0.0,1.0,0.0,0.0,0.0,0.0,0.3333333333333333,0.0,0.0,1.0
0.21428571428571433,0.35878300803673935,0.6000000000000001,0.0,0.3333333333333333,1.0,0.0,0.0,0.0,0.0,0.0,0.0,0.0,1.0
0.20952380952380953,0.09758897818599307,0.2,0.0,0.0,0.0,0.0,0.0,0.0,1.0,0.0,0.0,0.0,1.0
0.20952380952380953,0.1756601607347876,0.6000000000000001,0.0,0.3333333333333333,1.0,0.0,1.0,0.0,1.0,0.0,0.0,0.0,1.0
0.20952380952380953,0.5063145809414467,0.4000000000000001,0.0,0.0,1.0,1.0,1.0,0.0,0.0,0.0,0.0,0.0,0.0
0.20952380952380953,0.21010332950631458,0.6000000000000001,0.0,0.3333333333333333,0.0,0.0,0.0,0.0,0.0,0.3333333333333333,0.0,1.0,0.0
0.20952380952380953,0.24592422502870262,0.6000000000000001,0.0,0.3333333333333333,1.0,0.0,0.0,0.0,0.0,0.0,0.0,1.0,0.0
0.20952380952380953,0.2743972445464983,0.2,0.0,0.0,1.0,0.0,0.0,0.0,0.0,0.0,0.0,0.0,1.0
0.20952380952380953,0.056831228473019496,0.4000000000000001,0.0,0.3333333333333333,1.0,0.0,1.0,0.0,0.0,0.0,1.0,0.0,0.0
0.20952380952380953,0.4856486796785304,0.4000000000000001,0.0,0.0,1.0,0.0,0.0,0.0,0.0,0.3333333333333333,0.0,0.0,1.0
0.20476190476190478,0.3272101033295063,0.2,0.0,0.0,0.0,0.0,0.0,0.0,0.0,0.0,0.0,1.0,0.0
0.20476190476190478,0.2617680826636051,0.2,0.0,0.0,0.0,0.0,0.0,0.0,0.0,0.0,0.0,0.0,1.0
0.20190476190476195,0.2284730195177956,0.6000000000000001,0.0,0.3333333333333333,1.0,0.0,1.0,0.0,0.0,0.0,0.0,0.0,1.0
0.20000000000000004,0.312284730195178,0.4000000000000001,0.0,0.3333333333333333,1.0,0.0,0.0,0.0,0.0,0.0,0.0,0.0,1.0
0.20000000000000004,0.11871412169919629,0.2,0.0,0.0,1.0,0.0,0.0,0.0,1.0,0.3333333333333333,0.0,0.0,1.0
0.20000000000000004,0.30654420206659017,0.4000000000000001,0.0,0.0,0.0,0.0,0.0,0.0,0.0,0.3333333333333333,0.0,0.0,1.0
0.20000000000000004,0.16877152698048217,0.4000000000000001,0.0,0.3333333333333333,0.0,0.0,0.0,0.0,0.0,0.0,0.0,0.0,0.0
0.1904761904761905,0.2066590126291619,0.0,0.0,0.0,1.0,0.0,0.0,0.0,0.0,0.0,0.0,0.0,0.0
0.1904761904761905,0.2681974741676234,0.2,0.5,0.0,0.0,1.0,1.0,0.0,0.0,0.3333333333333333,0.0,0.0,1.0
0.1904761904761905,0.21239954075774972,0.2,0.0,0.0,0.0,0.0,1.0,0.0,0.0,0.0,0.0,1.0,0.0
0.1904761904761905,0.28071182548794493,0.2,0.0,0.0,1.0,0.0,0.0,0.0,0.0,0.6666666666666666,0.0,1.0,0.0
0.1904761904761905,0.0,0.4000000000000001,0.0,0.3333333333333333,0.0,0.0,1.0,0.0,0.0,0.0,0.0,0.0,1.0
0.1904761904761905,0.2066590126291619,0.4000000000000001,0.0,0.3333333333333333,1.0,0.0,1.0,0.0,0.0,0.0,0.0,1.0,0.0
0.1904761904761905,0.5855338691159587,0.2,0.0,0.0,1.0,0.0,0.0,0.0,0.0,0.0,0.0,1.0,0.0
0.1904761904761905,0.843857634902411,0.4000000000000001,0.0,0.3333333333333333,1.0,0.0,0.0,0.0,0.0,0.6666666666666666,0.0,1.0,0.0
0.1904761904761905,0.1629161882893226,0.2,0.0,0.0,1.0,0.0,0.0,0.0,0.0,0.3333333333333333,0.0,0.0,1.0
0.18952380952380957,0.3272101033295063,0.4000000000000001,0.0,0.3333333333333333,1.0,0.0,0.0,0.0,1.0,0.0,0.0,0.0,1.0
0.18761904761904766,0.44144661308840416,0.4000000000000001,0.0,0.0,1.0,0.0,1.0,0.0,0.0,0.0,0.0,0.0,1.0
0.18623809523809523,0.08587830080367395,0.4000000000000001,0.0,0.0,1.0,0.0,0.0,0.0,0.0,0.0,1.0,1.0,0.0
0.18571428571428575,0.15499425947187143,0.4000000000000001,0.0,0.0,0.0,0.0,0.0,0.0,1.0,0.0,0.0,0.0,1.0
0.18571428571428575,0.2525832376578645,0.4000000000000001,0.0,0.3333333333333333,1.0,0.0,0.0,0.0,0.0,0.0,0.0,0.0,1.0
0.18571428571428575,0.21239954075774972,0.2,0.0,0.0,1.0,0.0,0.0,0.0,0.0,0.0,0.0,0.0,1.0
0.18190476190476193,0.7405281285878301,0.2,0.0,0.0,1.0,0.0,0.0,0.0,0.0,0.3333333333333333,0.0,0.0,1.0
0.18095238095238095,0.3800229621125144,0.2,0.0,0.0,1.0,0.0,1.0,0.0,1.0,0.0,0.0,0.0,1.0
0.18095238095238095,0.05855338691159587,0.4000000000000001,0.0,0.3333333333333333,0.0,0.0,1.0,0.0,0.0,0.0,0.0,1.0,0.0
0.18095238095238095,0.16532721010332949,0.2,0.0,0.0,1.0,1.0,1.0,0.0,0.0,0.0,0.0,0.0,1.0
0.18095238095238095,0.3272101033295063,0.2,0.0,0.3333333333333333,1.0,0.0,0.0,1.0,0.0,0.3333333333333333,0.0,1.0,0.0
0.1761904761904762,0.2468427095292767,0.2,0.0,0.0,1.0,0.0,0.0,0.0,0.0,0.0,0.0,0.0,1.0
0.17142857142857146,0.16532721010332949,0.4000000000000001,0.0,0.3333333333333333,0.0,0.0,0.0,0.0,0.0,0.0,0.0,1.0,0.0
0.17142857142857146,0.18254879448909297,0.4000000000000001,0.0,0.3333333333333333,1.0,0.0,0.0,0.0,0.0,0.6666666666666666,0.0,1.0,0.0
0.17142857142857146,0.13605051664753157,0.2,0.0,0.0,1.0,0.0,0.0,0.0,0.0,0.0,0.0,1.0,0.0
0.17142857142857146,0.33869115958668194,0.2,0.0,0.0,1.0,0.0,0.0,0.0,0.0,0.0,0.0,0.0,0.0
0.17142857142857146,0.3933409873708381,0.4000000000000001,0.0,0.0,0.0,0.0,0.0,0.0,0.0,0.0,0.0,0.0,1.0
0.17142857142857146,0.24110218140068887,0.4000000000000001,0.0,0.3333333333333333,1.0,0.0,0.0,0.0,0.0,0.0,0.0,0.0,1.0
0.17142857142857146,0.22732491389207807,0.6000000000000001,0.0,0.3333333333333333,1.0,0.0,0.0,0.0,0.0,1.0,0.0,1.0,0.0
0.17047619047619048,0.7347876004592423,0.2,0.0,0.0,1.0,0.0,0.0,0.0,0.0,0.0,0.0,0.0,1.0
0.16666666666666666,0.31021814006888637,0.6000000000000001,0.0,0.3333333333333333,0.0,0.0,0.0,0.0,0.0,0.3333333333333333,0.0,0.0,1.0
0.1647619047619048,0.15499425947187143,0.2,0.0,0.3333333333333333,1.0,0.0,0.0,0.0,0.0,0.0,0.0,1.0,0.0
0.1619047619047619,0.4822043628013778,0.4000000000000001,0.0,0.3333333333333333,1.0,0.0,1.0,0.0,0.0,0.3333333333333333,0.0,0.0,1.0
0.1619047619047619,0.3800229621125144,0.2,0.0,0.0,1.0,0.0,0.0,0.0,0.0,0.0,0.0,0.0,1.0
0.1619047619047619,0.22388059701492538,0.4000000000000001,0.0,0.3333333333333333,0.0,0.0,0.0,0.0,0.0,0.3333333333333333,0.0,0.0,1.0
0.1619047619047619,0.23076923076923075,0.6000000000000001,0.0,0.3333333333333333,0.0,0.0,0.0,0.0,0.0,0.0,0.0,0.0,1.0
0.1619047619047619,0.21010332950631458,0.4000000000000001,0.0,0.3333333333333333,0.0,0.0,0.0,0.0,0.0,0.3333333333333333,0.0,1.0,0.0
0.1619047619047619,0.12055109070034445,0.2,0.0,0.0,0.0,0.0,0.0,0.0,0.0,0.0,0.0,0.0,0.0
0.1619047619047619,0.17221584385763491,0.4000000000000001,0.0,0.3333333333333333,0.0,0.0,0.0,0.0,0.0,0.0,0.0,0.0,1.0
0.1619047619047619,0.5700344431687715,0.4000000000000001,0.0,0.3333333333333333,1.0,0.0,0.0,0.0,0.0,0.0,0.0,1.0,0.0
0.15238095238095242,0.15958668197474166,0.2,0.0,0.0,0.0,0.0,0.0,0.0,0.0,0.0,0.0,0.0,1.0
0.15238095238095242,0.22732491389207807,0.2,0.0,0.0,1.0,0.0,0.0,0.0,0.0,0.0,0.0,0.0,1.0
0.15238095238095242,0.4994259471871413,0.2,0.0,0.0,1.0,0.0,0.0,0.0,0.0,0.0,0.0,1.0,0.0
0.15238095238095242,0.43053960964408733,0.6000000000000001,0.0,0.3333333333333333,1.0,0.0,0.0,0.0,0.0,0.0,0.0,0.0,1.0
0.15,0.4075774971297359,0.6000000000000001,0.0,0.6666666666666667,1.0,0.0,0.0,0.0,0.0,0.0,0.0,0.0,1.0
0.14761904761904762,0.1894374282433984,0.4000000000000001,0.0,0.3333333333333333,0.0,0.0,0.0,0.0,0.0,0.3333333333333333,0.0,1.0,0.0
0.14761904761904762,0.3099885189437428,0.4000000000000001,0.0,0.3333333333333333,0.0,0.0,0.0,1.0,0.0,0.3333333333333333,0.0,0.0,1.0
0.14761904761904762,0.11366245694603902,0.2,0.0,0.0,0.0,0.0,0.0,0.0,0.0,0.3333333333333333,0.0,0.0,0.0
0.14285714285714288,0.11481056257175656,0.4000000000000001,0.0,0.3333333333333333,1.0,0.0,1.0,0.0,0.0,0.3333333333333333,0.0,0.0,1.0
0.14285714285714288,0.2652123995407577,0.4000000000000001,0.0,0.0,1.0,0.0,0.0,0.0,0.0,0.0,0.0,0.0,0.0
0.13333333333333333,0.5912743972445466,0.2,0.0,0.0,1.0,0.0,0.0,0.0,0.0,0.0,0.0,0.0,1.0
0.13333333333333333,0.269804822043628,0.4000000000000001,0.0,0.3333333333333333,1.0,0.0,0.0,0.0,0.0,0.3333333333333333,0.0,0.0,1.0
0.1285714285714286,0.269804822043628,0.2,0.0,0.0,1.0,0.0,0.0,0.0,0.0,0.0,0.0,0.0,1.0
0.12380952380952384,0.2622273249138921,0.2,0.0,0.0,1.0,0.0,0.0,0.0,0.0,0.0,0.0,0.0,1.0
0.12380952380952384,0.04018369690011481,0.2,0.0,0.3333333333333333,1.0,0.0,0.0,0.0,0.0,0.0,0.0,1.0,0.0
0.12380952380952384,0.22732491389207807,0.4000000000000001,1.0,0.3333333333333333,0.0,1.0,0.0,0.0,0.0,0.0,0.0,0.0,1.0
0.12380952380952384,0.1320321469575201,0.4000000000000001,0.0,0.0,1.0,0.0,0.0,0.0,0.0,0.0,0.0,0.0,1.0
0.12380952380952384,0.08955223880597016,0.4000000000000001,0.0,0.0,0.0,0.0,0.0,0.0,0.0,0.0,0.0,0.0,1.0
0.12380952380952384,0.21010332950631458,0.2,0.0,0.0,1.0,0.0,0.0,0.0,0.0,0.3333333333333333,0.0,1.0,0.0
0.12380952380952384,0.269804822043628,0.4000000000000001,0.0,0.0,1.0,0.0,0.0,0.0,0.0,0.0,0.0,1.0,0.0
0.12285714285714286,0.17623421354764637,0.2,0.0,0.0,1.0,0.0,0.0,0.0,1.0,0.0,0.0,0.0,1.0
0.12285714285714286,0.269804822043628,0.4000000000000001,0.0,0.3333333333333333,1.0,0.0,0.0,0.0,1.0,0.0,0.0,0.0,1.0
0.1161904761904762,0.1446613088404133,0.2,0.0,0.0,0.0,0.0,0.0,0.0,0.0,0.0,0.0,0.0,1.0
0.1142857142857143,0.22388059701492538,0.2,0.0,0.0,1.0,0.0,0.0,0.0,0.0,0.0,0.0,0.0,1.0
0.1142857142857143,0.3157290470723306,0.2,0.0,0.0,1.0,0.0,0.0,0.0,0.0,0.0,0.0,0.0,1.0
0.1142857142857143,0.22388059701492538,0.2,0.5,0.3333333333333333,1.0,0.0,1.0,0.0,0.0,0.3333333333333333,0.0,0.0,0.0
0.10476190476190475,0.14121699196326062,0.4000000000000001,0.0,0.0,0.0,0.0,0.0,0.0,0.0,0.0,0.0,0.0,1.0
0.10476190476190475,0.1756601607347876,0.4000000000000001,0.0,0.0,0.0,0.0,0.0,0.0,0.0,0.0,0.0,0.0,1.0
0.10476190476190475,0.15499425947187143,0.2,0.0,0.3333333333333333,1.0,0.0,0.0,0.0,0.0,0.0,0.0,0.0,0.0
0.1,0.3157290470723306,0.4000000000000001,0.0,0.3333333333333333,1.0,0.0,0.0,0.0,0.0,0.0,0.0,0.0,1.0
0.1,0.15499425947187143,0.4000000000000001,0.0,0.3333333333333333,0.0,0.0,0.0,0.0,0.0,0.0,0.0,1.0,0.0
0.09523809523809526,0.1791044776119403,0.4000000000000001,0.0,0.3333333333333333,1.0,0.0,1.0,0.0,0.0,0.0,0.0,0.0,1.0
0.09523809523809526,0.18254879448909297,0.2,0.0,0.0,0.0,1.0,0.0,0.0,0.0,0.3333333333333333,0.0,0.0,1.0
0.09523809523809526,0.15499425947187143,0.2,0.0,0.0,1.0,0.0,0.0,0.0,0.0,0.3333333333333333,0.0,0.0,1.0
0.09523809523809526,0.21239954075774972,0.2,0.0,0.0,1.0,1.0,0.0,0.0,0.0,0.0,0.0,0.0,1.0
0.09523809523809526,0.36624569460390355,0.2,0.0,0.3333333333333333,1.0,0.0,0.0,0.0,0.0,0.0,0.0,0.0,1.0
0.09523809523809526,0.6946039035591275,0.2,0.0,0.0,1.0,0.0,0.0,0.0,0.0,0.0,0.0,0.0,1.0
0.08952380952380953,0.22789896670493684,0.2,0.0,0.0,0.0,0.0,0.0,0.0,0.0,0.0,0.0,0.0,1.0
0.08571428571428572,0.09471871412169916,0.4000000000000001,0.0,0.3333333333333333,1.0,0.0,0.0,0.0,0.0,0.0,0.0,0.0,0.0
0.08571428571428572,0.13053960964408726,0.6000000000000001,0.5,0.3333333333333333,1.0,0.0,0.0,0.0,0.0,0.0,0.0,0.0,0.0
0.08571428571428572,0.18530424799081516,0.2,0.0,0.0,1.0,0.0,0.0,0.0,0.0,0.0,0.0,0.0,1.0
0.08095238095238097,0.2284730195177956,0.2,0.0,0.0,1.0,0.0,0.0,0.0,0.0,0.0,0.0,0.0,1.0
0.07619047619047623,0.1756601607347876,0.2,0.0,0.0,1.0,0.0,0.0,0.0,0.0,0.0,0.0,0.0,1.0
0.07142857142857142,0.021354764638346707,0.2,0.0,0.0,0.0,0.0,1.0,0.0,0.0,0.0,0.0,1.0,0.0
0.07142857142857142,0.26636050516647536,0.0,0.0,0.0,0.0,0.0,0.0,0.0,0.0,0.0,0.0,0.0,1.0
0.07142857142857142,0.26636050516647536,0.4000000000000001,0.0,0.3333333333333333,1.0,0.0,1.0,0.0,0.0,0.0,0.0,0.0,1.0
0.06666666666666668,0.03444316877152698,0.4000000000000001,0.0,0.0,0.0,0.0,0.0,1.0,0.0,0.0,0.0,0.0,1.0
0.0657142857142857,0.41905855338691156,0.4000000000000001,0.0,0.0,0.0,0.0,0.0,0.0,1.0,0.0,1.0,0.0,1.0
0.05238095238095239,0.15499425947187143,0.2,0.0,0.0,0.0,0.0,0.0,0.0,0.0,0.0,0.0,0.0,1.0
0.047619047619047644,0.08610792192881742,0.4000000000000001,0.0,0.3333333333333333,1.0,0.0,0.0,0.0,0.0,0.0,0.0,0.0,1.0
0.047619047619047644,0.15499425947187143,0.6000000000000001,0.0,0.3333333333333333,1.0,0.0,0.0,0.0,0.0,0.0,0.0,0.0,1.0
0.047619047619047644,0.19632606199770378,0.2,0.0,0.0,1.0,0.0,0.0,0.0,0.0,0.3333333333333333,0.0,0.0,1.0
0.028571428571428553,0.20321469575200915,0.8,0.0,0.3333333333333333,0.0,0.0,0.0,0.0,0.0,0.0,0.0,0.0,1.0
0.019047619047619063,0.00574052812858783,0.4000000000000001,0.0,0.3333333333333333,1.0,0.0,0.0,0.0,0.0,0.0,0.0,0.0,1.0
0.019047619047619063,0.22950631458094142,0.2,0.0,0.0,1.0,0.0,0.0,0.0,0.0,0.0,0.0,0.0,1.0
0.014285714285714318,0.15384615384615383,0.2,0.0,0.0,0.0,0.0,0.0,0.0,0.0,0.3333333333333333,0.0,0.0,1.0
0.009523809523809518,0.15499425947187143,0.2,0.0,0.0,1.0,0.0,1.0,0.0,0.0,0.6666666666666666,0.0,0.0,1.0
0.002333333333333326,0.08610792192881742,0.4000000000000001,0.0,0.0,0.0,0.0,0.0,0.0,0.0,0.0,0.0,1.0,0.0
0.0,0.22617680826636047,0.2,0.0,0.0,1.0,0.0,0.0,0.0,0.0,0.0,0.0,0.0,1.0
0.0,0.1446613088404133,0.4000000000000001,0.0,0.0,0.0,0.0,0.0,0.0,0.0,0.0,0.0,0.0,0.0
0.0,0.2525832376578645,0.4000000000000001,0.0,0.3333333333333333,1.0,0.0,0.0,0.0,0.0,0.0,0.0,0.0,1.0
